id|id_os|id_user|pid|proc_name|user|status|command|environ
PROC-cb8b4d5668c8e0e354c0c99d7160acd1-1|OS-cb8b4d5668c8e0e354c0c99d7160acd1|USER-cb8b4d5668c8e0e354c0c99d7160acd1-root|1|systemd|root|sleeping|/usr/lib/systemd/systemd --switched-root --system --deserialize 22|
PROC-cb8b4d5668c8e0e354c0c99d7160acd1-2|OS-cb8b4d5668c8e0e354c0c99d7160acd1|USER-cb8b4d5668c8e0e354c0c99d7160acd1-root|2|kthreadd|root|sleeping||
PROC-cb8b4d5668c8e0e354c0c99d7160acd1-3|OS-cb8b4d5668c8e0e354c0c99d7160acd1|USER-cb8b4d5668c8e0e354c0c99d7160acd1-root|3|ksoftirqd/0|root|sleeping||
PROC-cb8b4d5668c8e0e354c0c99d7160acd1-5|OS-cb8b4d5668c8e0e354c0c99d7160acd1|USER-cb8b4d5668c8e0e354c0c99d7160acd1-root|5|kworker/0:0H|root|sleeping||
PROC-cb8b4d5668c8e0e354c0c99d7160acd1-7|OS-cb8b4d5668c8e0e354c0c99d7160acd1|USER-cb8b4d5668c8e0e354c0c99d7160acd1-root|7|migration/0|root|sleeping||
PROC-cb8b4d5668c8e0e354c0c99d7160acd1-8|OS-cb8b4d5668c8e0e354c0c99d7160acd1|USER-cb8b4d5668c8e0e354c0c99d7160acd1-root|8|rcu_bh|root|sleeping||
PROC-cb8b4d5668c8e0e354c0c99d7160acd1-9|OS-cb8b4d5668c8e0e354c0c99d7160acd1|USER-cb8b4d5668c8e0e354c0c99d7160acd1-root|9|rcu_sched|root|sleeping||
PROC-cb8b4d5668c8e0e354c0c99d7160acd1-10|OS-cb8b4d5668c8e0e354c0c99d7160acd1|USER-cb8b4d5668c8e0e354c0c99d7160acd1-root|10|lru-add-drain|root|sleeping||
PROC-cb8b4d5668c8e0e354c0c99d7160acd1-11|OS-cb8b4d5668c8e0e354c0c99d7160acd1|USER-cb8b4d5668c8e0e354c0c99d7160acd1-root|11|watchdog/0|root|sleeping||
PROC-cb8b4d5668c8e0e354c0c99d7160acd1-12|OS-cb8b4d5668c8e0e354c0c99d7160acd1|USER-cb8b4d5668c8e0e354c0c99d7160acd1-root|12|watchdog/1|root|sleeping||
PROC-cb8b4d5668c8e0e354c0c99d7160acd1-13|OS-cb8b4d5668c8e0e354c0c99d7160acd1|USER-cb8b4d5668c8e0e354c0c99d7160acd1-root|13|migration/1|root|sleeping||
PROC-cb8b4d5668c8e0e354c0c99d7160acd1-14|OS-cb8b4d5668c8e0e354c0c99d7160acd1|USER-cb8b4d5668c8e0e354c0c99d7160acd1-root|14|ksoftirqd/1|root|sleeping||
PROC-cb8b4d5668c8e0e354c0c99d7160acd1-16|OS-cb8b4d5668c8e0e354c0c99d7160acd1|USER-cb8b4d5668c8e0e354c0c99d7160acd1-root|16|kworker/1:0H|root|sleeping||
PROC-cb8b4d5668c8e0e354c0c99d7160acd1-18|OS-cb8b4d5668c8e0e354c0c99d7160acd1|USER-cb8b4d5668c8e0e354c0c99d7160acd1-root|18|kdevtmpfs|root|sleeping||
PROC-cb8b4d5668c8e0e354c0c99d7160acd1-19|OS-cb8b4d5668c8e0e354c0c99d7160acd1|USER-cb8b4d5668c8e0e354c0c99d7160acd1-root|19|netns|root|sleeping||
PROC-cb8b4d5668c8e0e354c0c99d7160acd1-20|OS-cb8b4d5668c8e0e354c0c99d7160acd1|USER-cb8b4d5668c8e0e354c0c99d7160acd1-root|20|khungtaskd|root|sleeping||
PROC-cb8b4d5668c8e0e354c0c99d7160acd1-21|OS-cb8b4d5668c8e0e354c0c99d7160acd1|USER-cb8b4d5668c8e0e354c0c99d7160acd1-root|21|writeback|root|sleeping||
PROC-cb8b4d5668c8e0e354c0c99d7160acd1-22|OS-cb8b4d5668c8e0e354c0c99d7160acd1|USER-cb8b4d5668c8e0e354c0c99d7160acd1-root|22|kintegrityd|root|sleeping||
PROC-cb8b4d5668c8e0e354c0c99d7160acd1-23|OS-cb8b4d5668c8e0e354c0c99d7160acd1|USER-cb8b4d5668c8e0e354c0c99d7160acd1-root|23|bioset|root|sleeping||
PROC-cb8b4d5668c8e0e354c0c99d7160acd1-24|OS-cb8b4d5668c8e0e354c0c99d7160acd1|USER-cb8b4d5668c8e0e354c0c99d7160acd1-root|24|bioset|root|sleeping||
PROC-cb8b4d5668c8e0e354c0c99d7160acd1-25|OS-cb8b4d5668c8e0e354c0c99d7160acd1|USER-cb8b4d5668c8e0e354c0c99d7160acd1-root|25|bioset|root|sleeping||
PROC-cb8b4d5668c8e0e354c0c99d7160acd1-26|OS-cb8b4d5668c8e0e354c0c99d7160acd1|USER-cb8b4d5668c8e0e354c0c99d7160acd1-root|26|kblockd|root|sleeping||
PROC-cb8b4d5668c8e0e354c0c99d7160acd1-27|OS-cb8b4d5668c8e0e354c0c99d7160acd1|USER-cb8b4d5668c8e0e354c0c99d7160acd1-root|27|md|root|sleeping||
PROC-cb8b4d5668c8e0e354c0c99d7160acd1-28|OS-cb8b4d5668c8e0e354c0c99d7160acd1|USER-cb8b4d5668c8e0e354c0c99d7160acd1-root|28|edac-poller|root|sleeping||
PROC-cb8b4d5668c8e0e354c0c99d7160acd1-29|OS-cb8b4d5668c8e0e354c0c99d7160acd1|USER-cb8b4d5668c8e0e354c0c99d7160acd1-root|29|watchdogd|root|sleeping||
PROC-cb8b4d5668c8e0e354c0c99d7160acd1-35|OS-cb8b4d5668c8e0e354c0c99d7160acd1|USER-cb8b4d5668c8e0e354c0c99d7160acd1-root|35|kswapd0|root|sleeping||
PROC-cb8b4d5668c8e0e354c0c99d7160acd1-36|OS-cb8b4d5668c8e0e354c0c99d7160acd1|USER-cb8b4d5668c8e0e354c0c99d7160acd1-root|36|ksmd|root|sleeping||
PROC-cb8b4d5668c8e0e354c0c99d7160acd1-37|OS-cb8b4d5668c8e0e354c0c99d7160acd1|USER-cb8b4d5668c8e0e354c0c99d7160acd1-root|37|khugepaged|root|sleeping||
PROC-cb8b4d5668c8e0e354c0c99d7160acd1-38|OS-cb8b4d5668c8e0e354c0c99d7160acd1|USER-cb8b4d5668c8e0e354c0c99d7160acd1-root|38|crypto|root|sleeping||
PROC-cb8b4d5668c8e0e354c0c99d7160acd1-46|OS-cb8b4d5668c8e0e354c0c99d7160acd1|USER-cb8b4d5668c8e0e354c0c99d7160acd1-root|46|kthrotld|root|sleeping||
PROC-cb8b4d5668c8e0e354c0c99d7160acd1-48|OS-cb8b4d5668c8e0e354c0c99d7160acd1|USER-cb8b4d5668c8e0e354c0c99d7160acd1-root|48|kmpath_rdacd|root|sleeping||
PROC-cb8b4d5668c8e0e354c0c99d7160acd1-49|OS-cb8b4d5668c8e0e354c0c99d7160acd1|USER-cb8b4d5668c8e0e354c0c99d7160acd1-root|49|kaluad|root|sleeping||
PROC-cb8b4d5668c8e0e354c0c99d7160acd1-51|OS-cb8b4d5668c8e0e354c0c99d7160acd1|USER-cb8b4d5668c8e0e354c0c99d7160acd1-root|51|kpsmoused|root|sleeping||
PROC-cb8b4d5668c8e0e354c0c99d7160acd1-53|OS-cb8b4d5668c8e0e354c0c99d7160acd1|USER-cb8b4d5668c8e0e354c0c99d7160acd1-root|53|ipv6_addrconf|root|sleeping||
PROC-cb8b4d5668c8e0e354c0c99d7160acd1-66|OS-cb8b4d5668c8e0e354c0c99d7160acd1|USER-cb8b4d5668c8e0e354c0c99d7160acd1-root|66|deferwq|root|sleeping||
PROC-cb8b4d5668c8e0e354c0c99d7160acd1-98|OS-cb8b4d5668c8e0e354c0c99d7160acd1|USER-cb8b4d5668c8e0e354c0c99d7160acd1-root|98|kauditd|root|sleeping||
PROC-cb8b4d5668c8e0e354c0c99d7160acd1-2619|OS-cb8b4d5668c8e0e354c0c99d7160acd1|USER-cb8b4d5668c8e0e354c0c99d7160acd1-root|2619|nfit|root|sleeping||
PROC-cb8b4d5668c8e0e354c0c99d7160acd1-2883|OS-cb8b4d5668c8e0e354c0c99d7160acd1|USER-cb8b4d5668c8e0e354c0c99d7160acd1-root|2883|ata_sff|root|sleeping||
PROC-cb8b4d5668c8e0e354c0c99d7160acd1-2886|OS-cb8b4d5668c8e0e354c0c99d7160acd1|USER-cb8b4d5668c8e0e354c0c99d7160acd1-root|2886|scsi_eh_0|root|sleeping||
PROC-cb8b4d5668c8e0e354c0c99d7160acd1-2893|OS-cb8b4d5668c8e0e354c0c99d7160acd1|USER-cb8b4d5668c8e0e354c0c99d7160acd1-root|2893|scsi_tmf_0|root|sleeping||
PROC-cb8b4d5668c8e0e354c0c99d7160acd1-2899|OS-cb8b4d5668c8e0e354c0c99d7160acd1|USER-cb8b4d5668c8e0e354c0c99d7160acd1-root|2899|scsi_eh_1|root|sleeping||
PROC-cb8b4d5668c8e0e354c0c99d7160acd1-2905|OS-cb8b4d5668c8e0e354c0c99d7160acd1|USER-cb8b4d5668c8e0e354c0c99d7160acd1-root|2905|scsi_tmf_1|root|sleeping||
PROC-cb8b4d5668c8e0e354c0c99d7160acd1-2928|OS-cb8b4d5668c8e0e354c0c99d7160acd1|USER-cb8b4d5668c8e0e354c0c99d7160acd1-root|2928|mpt_poll_0|root|sleeping||
PROC-cb8b4d5668c8e0e354c0c99d7160acd1-2931|OS-cb8b4d5668c8e0e354c0c99d7160acd1|USER-cb8b4d5668c8e0e354c0c99d7160acd1-root|2931|mpt/0|root|sleeping||
PROC-cb8b4d5668c8e0e354c0c99d7160acd1-3008|OS-cb8b4d5668c8e0e354c0c99d7160acd1|USER-cb8b4d5668c8e0e354c0c99d7160acd1-root|3008|scsi_eh_2|root|sleeping||
PROC-cb8b4d5668c8e0e354c0c99d7160acd1-3017|OS-cb8b4d5668c8e0e354c0c99d7160acd1|USER-cb8b4d5668c8e0e354c0c99d7160acd1-root|3017|scsi_tmf_2|root|sleeping||
PROC-cb8b4d5668c8e0e354c0c99d7160acd1-3064|OS-cb8b4d5668c8e0e354c0c99d7160acd1|USER-cb8b4d5668c8e0e354c0c99d7160acd1-root|3064|ttm_swap|root|sleeping||
PROC-cb8b4d5668c8e0e354c0c99d7160acd1-3069|OS-cb8b4d5668c8e0e354c0c99d7160acd1|USER-cb8b4d5668c8e0e354c0c99d7160acd1-root|3069|irq/16-vmwgfx|root|sleeping||
PROC-cb8b4d5668c8e0e354c0c99d7160acd1-4215|OS-cb8b4d5668c8e0e354c0c99d7160acd1|USER-cb8b4d5668c8e0e354c0c99d7160acd1-root|4215|kworker/0:1H|root|sleeping||
PROC-cb8b4d5668c8e0e354c0c99d7160acd1-4246|OS-cb8b4d5668c8e0e354c0c99d7160acd1|USER-cb8b4d5668c8e0e354c0c99d7160acd1-root|4246|jbd2/sda2-8|root|sleeping||
PROC-cb8b4d5668c8e0e354c0c99d7160acd1-4249|OS-cb8b4d5668c8e0e354c0c99d7160acd1|USER-cb8b4d5668c8e0e354c0c99d7160acd1-root|4249|ext4-rsv-conver|root|sleeping||
PROC-cb8b4d5668c8e0e354c0c99d7160acd1-4310|OS-cb8b4d5668c8e0e354c0c99d7160acd1|USER-cb8b4d5668c8e0e354c0c99d7160acd1-root|4310|kworker/1:1H|root|sleeping||
PROC-cb8b4d5668c8e0e354c0c99d7160acd1-4328|OS-cb8b4d5668c8e0e354c0c99d7160acd1|USER-cb8b4d5668c8e0e354c0c99d7160acd1-root|4328|systemd-journald|root|sleeping|/usr/lib/systemd/systemd-journald|LANG=en_US.UTF-8 PATH=/usr/local/sbin:/usr/local/bin:/usr/sbin:/usr/bin NOTIFY_SOCKET=/run/systemd/notify LISTEN_PID=4328 LISTEN_FDS=3 WATCHDOG_PID=4328 WATCHDOG_USEC=180000000
PROC-cb8b4d5668c8e0e354c0c99d7160acd1-4353|OS-cb8b4d5668c8e0e354c0c99d7160acd1|USER-cb8b4d5668c8e0e354c0c99d7160acd1-root|4353|lvmetad|root|sleeping|/usr/sbin/lvmetad -f|LANG=en_US.UTF-8 PATH=/usr/local/sbin:/usr/local/bin:/usr/sbin:/usr/bin LISTEN_PID=4353 LISTEN_FDS=1 SD_ACTIVATION=1
PROC-cb8b4d5668c8e0e354c0c99d7160acd1-4360|OS-cb8b4d5668c8e0e354c0c99d7160acd1|USER-cb8b4d5668c8e0e354c0c99d7160acd1-root|4360|systemd-udevd|root|sleeping|/usr/lib/systemd/systemd-udevd|LANG=en_US.UTF-8 PATH=/usr/local/sbin:/usr/local/bin:/usr/sbin:/usr/bin NOTIFY_SOCKET=/run/systemd/notify LISTEN_PID=4360 LISTEN_FDS=2
PROC-cb8b4d5668c8e0e354c0c99d7160acd1-8657|OS-cb8b4d5668c8e0e354c0c99d7160acd1|USER-cb8b4d5668c8e0e354c0c99d7160acd1-root|8657|jbd2/sda1-8|root|sleeping||
PROC-cb8b4d5668c8e0e354c0c99d7160acd1-8659|OS-cb8b4d5668c8e0e354c0c99d7160acd1|USER-cb8b4d5668c8e0e354c0c99d7160acd1-root|8659|ext4-rsv-conver|root|sleeping||
PROC-cb8b4d5668c8e0e354c0c99d7160acd1-8711|OS-cb8b4d5668c8e0e354c0c99d7160acd1|USER-cb8b4d5668c8e0e354c0c99d7160acd1-root|8711|rpciod|root|sleeping||
PROC-cb8b4d5668c8e0e354c0c99d7160acd1-8712|OS-cb8b4d5668c8e0e354c0c99d7160acd1|USER-cb8b4d5668c8e0e354c0c99d7160acd1-root|8712|xprtiod|root|sleeping||
PROC-cb8b4d5668c8e0e354c0c99d7160acd1-8718|OS-cb8b4d5668c8e0e354c0c99d7160acd1|USER-cb8b4d5668c8e0e354c0c99d7160acd1-root|8718|auditd|root|sleeping|/sbin/auditd|LANG=en_US.UTF-8 PATH=/usr/local/sbin:/usr/local/bin:/usr/sbin:/usr/bin
PROC-cb8b4d5668c8e0e354c0c99d7160acd1-8720|OS-cb8b4d5668c8e0e354c0c99d7160acd1|USER-cb8b4d5668c8e0e354c0c99d7160acd1-root|8720|audispd|root|sleeping|/sbin/audispd|LANG=en_US.UTF-8 PATH=/usr/local/sbin:/usr/local/bin:/usr/sbin:/usr/bin
PROC-cb8b4d5668c8e0e354c0c99d7160acd1-8731|OS-cb8b4d5668c8e0e354c0c99d7160acd1|USER-cb8b4d5668c8e0e354c0c99d7160acd1-root|8731|sedispatch|root|sleeping|/usr/sbin/sedispatch|
PROC-cb8b4d5668c8e0e354c0c99d7160acd1-8746|OS-cb8b4d5668c8e0e354c0c99d7160acd1|USER-cb8b4d5668c8e0e354c0c99d7160acd1-rpc|8746|rpcbind|rpc|sleeping|/sbin/rpcbind -w|LANG=en_US.UTF-8 PATH=/usr/local/sbin:/usr/local/bin:/usr/sbin:/usr/bin LISTEN_PID=8743 LISTEN_FDS=5 RPCBIND_ARGS=
PROC-cb8b4d5668c8e0e354c0c99d7160acd1-8750|OS-cb8b4d5668c8e0e354c0c99d7160acd1|USER-cb8b4d5668c8e0e354c0c99d7160acd1-root|8750|ModemManager|root|sleeping|/usr/sbin/ModemManager|LANG=en_US.UTF-8 PATH=/usr/local/sbin:/usr/local/bin:/usr/sbin:/usr/bin
PROC-cb8b4d5668c8e0e354c0c99d7160acd1-8752|OS-cb8b4d5668c8e0e354c0c99d7160acd1|USER-cb8b4d5668c8e0e354c0c99d7160acd1-root|8752|smartd|root|sleeping|/usr/sbin/smartd -n -q never|LANG=en_US.UTF-8 PATH=/usr/local/sbin:/usr/local/bin:/usr/sbin:/usr/bin smartd_opts=-q never
PROC-cb8b4d5668c8e0e354c0c99d7160acd1-8753|OS-cb8b4d5668c8e0e354c0c99d7160acd1|USER-cb8b4d5668c8e0e354c0c99d7160acd1-polkitd|8753|polkitd|polkitd|sleeping|/usr/lib/polkit-1/polkitd --no-debug|LANG=en_US.UTF-8 PATH=/usr/local/sbin:/usr/local/bin:/usr/sbin:/usr/bin
PROC-cb8b4d5668c8e0e354c0c99d7160acd1-8755|OS-cb8b4d5668c8e0e354c0c99d7160acd1|USER-cb8b4d5668c8e0e354c0c99d7160acd1-dbus|8755|dbus-daemon|dbus|sleeping|/usr/bin/dbus-daemon --system --address=systemd: --nofork --nopidfile --systemd-activation|LANG=en_US.UTF-8 PATH=/usr/local/sbin:/usr/local/bin:/usr/sbin:/usr/bin LISTEN_PID=8755 LISTEN_FDS=1
PROC-cb8b4d5668c8e0e354c0c99d7160acd1-8761|OS-cb8b4d5668c8e0e354c0c99d7160acd1|USER-cb8b4d5668c8e0e354c0c99d7160acd1-chrony|8761|chronyd|chrony|sleeping|/usr/sbin/chronyd|LANG=en_US.UTF-8 PATH=/usr/local/sbin:/usr/local/bin:/usr/sbin:/usr/bin OPTIONS=
PROC-cb8b4d5668c8e0e354c0c99d7160acd1-8773|OS-cb8b4d5668c8e0e354c0c99d7160acd1|USER-cb8b4d5668c8e0e354c0c99d7160acd1-libstoragemgmt|8773|lsmd|libstoragemgmt|sleeping|/usr/bin/lsmd -d|LANG=en_US.UTF-8 PATH=/usr/local/sbin:/usr/local/bin:/usr/sbin:/usr/bin HOME=/root LOGNAME=root USER=root SHELL=/bin/sh
PROC-cb8b4d5668c8e0e354c0c99d7160acd1-8774|OS-cb8b4d5668c8e0e354c0c99d7160acd1|USER-cb8b4d5668c8e0e354c0c99d7160acd1-root|8774|rngd|root|sleeping|/sbin/rngd -f|LANG=en_US.UTF-8 PATH=/usr/local/sbin:/usr/local/bin:/usr/sbin:/usr/bin
PROC-cb8b4d5668c8e0e354c0c99d7160acd1-8775|OS-cb8b4d5668c8e0e354c0c99d7160acd1|USER-cb8b4d5668c8e0e354c0c99d7160acd1-root|8775|irqbalance|root|sleeping|/usr/sbin/irqbalance --foreground|LANG=en_US.UTF-8 PATH=/usr/local/sbin:/usr/local/bin:/usr/sbin:/usr/bin
PROC-cb8b4d5668c8e0e354c0c99d7160acd1-8777|OS-cb8b4d5668c8e0e354c0c99d7160acd1|USER-cb8b4d5668c8e0e354c0c99d7160acd1-rtkit|8777|rtkit-daemon|rtkit|sleeping|/usr/libexec/rtkit-daemon|LANG=en_US.UTF-8 PATH=/usr/local/sbin:/usr/local/bin:/usr/sbin:/usr/bin NOTIFY_SOCKET=/run/systemd/notify
PROC-cb8b4d5668c8e0e354c0c99d7160acd1-8778|OS-cb8b4d5668c8e0e354c0c99d7160acd1|USER-cb8b4d5668c8e0e354c0c99d7160acd1-root|8778|VGAuthService|root|sleeping|/usr/bin/VGAuthService -s|LANG=en_US.UTF-8 PATH=/usr/local/sbin:/usr/local/bin:/usr/sbin:/usr/bin
PROC-cb8b4d5668c8e0e354c0c99d7160acd1-8779|OS-cb8b4d5668c8e0e354c0c99d7160acd1|USER-cb8b4d5668c8e0e354c0c99d7160acd1-root|8779|vmtoolsd|root|sleeping|/usr/bin/vmtoolsd|LANG=en_US.UTF-8 PATH=/usr/local/sbin:/usr/local/bin:/usr/sbin:/usr/bin
PROC-cb8b4d5668c8e0e354c0c99d7160acd1-8780|OS-cb8b4d5668c8e0e354c0c99d7160acd1|USER-cb8b4d5668c8e0e354c0c99d7160acd1-root|8780|abrtd|root|sleeping|/usr/sbin/abrtd -d -s|LANG=en_US.UTF-8 PATH=/usr/local/sbin:/usr/local/bin:/usr/sbin:/usr/bin
PROC-cb8b4d5668c8e0e354c0c99d7160acd1-8782|OS-cb8b4d5668c8e0e354c0c99d7160acd1|USER-cb8b4d5668c8e0e354c0c99d7160acd1-root|8782|abrt-watch-log|root|sleeping|/usr/bin/abrt-watch-log -F BUG: WARNING: at WARNING: CPU: INFO: possible recursive locking detected ernel BUG at list_del corruption list_add corruption do_IRQ: stack overflow: ear stack overflow (cur: eneral protection fault nable to handle kernel ouble fault: RTNL: assertion failed eek! page_mapcount(page) went negative! adness at NETDEV WATCHDOG ysctl table check failed : nobody cared IRQ handler type mismatch Kernel panic - not syncing: Machine Check Exception: Machine check events logged divide error: bounds: coprocessor segment overrun: invalid TSS: segment not present: invalid opcode: alignment check: stack segment: fpu exception: simd exception: iret exception: /var/log/messages -- /usr/bin/abrt-dump-oops -xtD|PATH=/usr/local/sbin:/usr/local/bin:/usr/sbin:/usr/bin PWD=/ LANG=en_US.UTF-8 SHLVL=0
PROC-cb8b4d5668c8e0e354c0c99d7160acd1-8785|OS-cb8b4d5668c8e0e354c0c99d7160acd1|USER-cb8b4d5668c8e0e354c0c99d7160acd1-root|8785|abrt-watch-log|root|sleeping|/usr/bin/abrt-watch-log -F Backtrace /var/log/Xorg.0.log -- /usr/bin/abrt-dump-xorg -xD|PATH=/usr/local/sbin:/usr/local/bin:/usr/sbin:/usr/bin PWD=/ LANG=en_US.UTF-8 SHLVL=0
PROC-cb8b4d5668c8e0e354c0c99d7160acd1-8790|OS-cb8b4d5668c8e0e354c0c99d7160acd1|USER-cb8b4d5668c8e0e354c0c99d7160acd1-root|8790|accounts-daemon|root|sleeping|/usr/libexec/accounts-daemon|LANG=en_US.UTF-8 PATH=/usr/local/sbin:/usr/local/bin:/usr/sbin:/usr/bin GVFS_DISABLE_FUSE=1 GIO_USE_VFS=local GVFS_REMOTE_VOLUME_MONITOR_IGNORE=1
PROC-cb8b4d5668c8e0e354c0c99d7160acd1-8791|OS-cb8b4d5668c8e0e354c0c99d7160acd1|USER-cb8b4d5668c8e0e354c0c99d7160acd1-root|8791|udisksd|root|sleeping|/usr/libexec/udisks2/udisksd|LANG=en_US.UTF-8 PATH=/usr/local/sbin:/usr/local/bin:/usr/sbin:/usr/bin
PROC-cb8b4d5668c8e0e354c0c99d7160acd1-8792|OS-cb8b4d5668c8e0e354c0c99d7160acd1|USER-cb8b4d5668c8e0e354c0c99d7160acd1-avahi|8792|avahi-daemon|avahi|sleeping|avahi-daemon: running [srv1.local]|
PROC-cb8b4d5668c8e0e354c0c99d7160acd1-8794|OS-cb8b4d5668c8e0e354c0c99d7160acd1|USER-cb8b4d5668c8e0e354c0c99d7160acd1-root|8794|systemd-logind|root|sleeping|/usr/lib/systemd/systemd-logind|LANG=en_US.UTF-8 PATH=/usr/local/sbin:/usr/local/bin:/usr/sbin:/usr/bin NOTIFY_SOCKET=/run/systemd/notify WATCHDOG_PID=8794 WATCHDOG_USEC=180000000
PROC-cb8b4d5668c8e0e354c0c99d7160acd1-8799|OS-cb8b4d5668c8e0e354c0c99d7160acd1|USER-cb8b4d5668c8e0e354c0c99d7160acd1-root|8799|mcelog|root|sleeping|/usr/sbin/mcelog --ignorenodev --daemon --syslog|LANG=en_US.UTF-8 PATH=/usr/local/sbin:/usr/local/bin:/usr/sbin:/usr/bin
PROC-cb8b4d5668c8e0e354c0c99d7160acd1-8811|OS-cb8b4d5668c8e0e354c0c99d7160acd1|USER-cb8b4d5668c8e0e354c0c99d7160acd1-root|8811|ksmtuned|root|sleeping|/bin/bash /usr/sbin/ksmtuned|LANG=en_US.UTF-8 PATH=/usr/local/sbin:/usr/local/bin:/usr/sbin:/usr/bin
PROC-cb8b4d5668c8e0e354c0c99d7160acd1-8849|OS-cb8b4d5668c8e0e354c0c99d7160acd1|USER-cb8b4d5668c8e0e354c0c99d7160acd1-avahi|8849|avahi-daemon|avahi|sleeping|avahi-daemon: chroot helper|
PROC-cb8b4d5668c8e0e354c0c99d7160acd1-8850|OS-cb8b4d5668c8e0e354c0c99d7160acd1|USER-cb8b4d5668c8e0e354c0c99d7160acd1-root|8850|gssproxy|root|sleeping|/usr/sbin/gssproxy -D|LANG=en_US.UTF-8 PATH=/usr/local/sbin:/usr/local/bin:/usr/sbin:/usr/bin KRB5RCACHEDIR=/var/lib/gssproxy/rcache
PROC-cb8b4d5668c8e0e354c0c99d7160acd1-8867|OS-cb8b4d5668c8e0e354c0c99d7160acd1|USER-cb8b4d5668c8e0e354c0c99d7160acd1-root|8867|firewalld|root|sleeping|/usr/bin/python -Es /usr/sbin/firewalld --nofork --nopid|LANG=en_US.UTF-8 PATH=/usr/local/sbin:/usr/local/bin:/usr/sbin:/usr/bin FIREWALLD_ARGS=
PROC-cb8b4d5668c8e0e354c0c99d7160acd1-8920|OS-cb8b4d5668c8e0e354c0c99d7160acd1|USER-cb8b4d5668c8e0e354c0c99d7160acd1-root|8920|NetworkManager|root|sleeping|/usr/sbin/NetworkManager --no-daemon|LANG=en_US.UTF-8 PATH=/usr/local/sbin:/usr/local/bin:/usr/sbin:/usr/bin
PROC-cb8b4d5668c8e0e354c0c99d7160acd1-9421|OS-cb8b4d5668c8e0e354c0c99d7160acd1|USER-cb8b4d5668c8e0e354c0c99d7160acd1-root|9421|tuned|root|sleeping|/usr/bin/python2 -Es /usr/sbin/tuned -l -P|LANG=en_US.UTF-8 PATH=/usr/local/sbin:/usr/local/bin:/usr/sbin:/usr/bin
PROC-cb8b4d5668c8e0e354c0c99d7160acd1-9422|OS-cb8b4d5668c8e0e354c0c99d7160acd1|USER-cb8b4d5668c8e0e354c0c99d7160acd1-root|9422|cupsd|root|sleeping|/usr/sbin/cupsd -f|LANG=en_US.UTF-8 PATH=/usr/local/sbin:/usr/local/bin:/usr/sbin:/usr/bin LISTEN_PID=9422 LISTEN_FDS=1
PROC-cb8b4d5668c8e0e354c0c99d7160acd1-9431|OS-cb8b4d5668c8e0e354c0c99d7160acd1|USER-cb8b4d5668c8e0e354c0c99d7160acd1-root|9431|sshd|root|sleeping|/usr/sbin/sshd -D|LANG=en_US.UTF-8 PATH=/usr/local/sbin:/usr/local/bin:/usr/sbin:/usr/bin NOTIFY_SOCKET=/run/systemd/notify SSH_USE_STRONG_RNG=0
PROC-cb8b4d5668c8e0e354c0c99d7160acd1-9433|OS-cb8b4d5668c8e0e354c0c99d7160acd1|USER-cb8b4d5668c8e0e354c0c99d7160acd1-root|9433|rsyslogd|root|sleeping|/usr/sbin/rsyslogd -n|LANG=en_US.UTF-8 PATH=/usr/local/sbin:/usr/local/bin:/usr/sbin:/usr/bin NOTIFY_SOCKET=/run/systemd/notify SYSLOGD_OPTIONS=
PROC-cb8b4d5668c8e0e354c0c99d7160acd1-9436|OS-cb8b4d5668c8e0e354c0c99d7160acd1|USER-cb8b4d5668c8e0e354c0c99d7160acd1-root|9436|containerd|root|sleeping|/usr/bin/containerd|LANG=en_US.UTF-8 PATH=/usr/local/sbin:/usr/local/bin:/usr/sbin:/usr/bin
PROC-cb8b4d5668c8e0e354c0c99d7160acd1-9437|OS-cb8b4d5668c8e0e354c0c99d7160acd1|USER-cb8b4d5668c8e0e354c0c99d7160acd1-root|9437|dockerd|root|sleeping|/usr/bin/dockerd -H fd:// --containerd=/run/containerd/containerd.sock|LANG=en_US.UTF-8 PATH=/usr/local/sbin:/usr/local/bin:/usr/sbin:/usr/bin NOTIFY_SOCKET=/run/systemd/notify LISTEN_PID=9437 LISTEN_FDS=1
PROC-cb8b4d5668c8e0e354c0c99d7160acd1-9439|OS-cb8b4d5668c8e0e354c0c99d7160acd1|USER-cb8b4d5668c8e0e354c0c99d7160acd1-root|9439|libvirtd|root|sleeping|/usr/sbin/libvirtd|LANG=en_US.UTF-8 PATH=/usr/local/sbin:/usr/local/bin:/usr/sbin:/usr/bin NOTIFY_SOCKET=/run/systemd/notify
PROC-cb8b4d5668c8e0e354c0c99d7160acd1-9446|OS-cb8b4d5668c8e0e354c0c99d7160acd1|USER-cb8b4d5668c8e0e354c0c99d7160acd1-root|9446|crond|root|sleeping|/usr/sbin/crond -n|LANG=en_US.UTF-8 PATH=/usr/local/sbin:/usr/local/bin:/usr/sbin:/usr/bin CRONDARGS=
PROC-cb8b4d5668c8e0e354c0c99d7160acd1-9447|OS-cb8b4d5668c8e0e354c0c99d7160acd1|USER-cb8b4d5668c8e0e354c0c99d7160acd1-root|9447|atd|root|sleeping|/usr/sbin/atd -f|LANG=en_US.UTF-8 PATH=/usr/local/sbin:/usr/local/bin:/usr/sbin:/usr/bin
PROC-cb8b4d5668c8e0e354c0c99d7160acd1-9448|OS-cb8b4d5668c8e0e354c0c99d7160acd1|USER-cb8b4d5668c8e0e354c0c99d7160acd1-root|9448|gdm|root|sleeping|/usr/sbin/gdm|LANG=en_US.UTF-8 PATH=/usr/local/sbin:/usr/local/bin:/usr/sbin:/usr/bin
PROC-cb8b4d5668c8e0e354c0c99d7160acd1-9668|OS-cb8b4d5668c8e0e354c0c99d7160acd1|USER-cb8b4d5668c8e0e354c0c99d7160acd1-root|9668|master|root|sleeping|/usr/libexec/postfix/master -w|MAIL_CONFIG=/etc/postfix data_directory=/var/lib/postfix sample_directory=/usr/share/doc/postfix-2.10.1/samples setgid_group=postdrop sendmail_path=/usr/sbin/sendmail.postfix mailq_path=/usr/bin/mailq.postfix manpage_directory=/usr/share/man readme_directory=/usr/share/doc/postfix-2.10.1/README_FILES newaliases_path=/usr/bin/newaliases.postfix PATH=/bin:/usr/bin:/sbin:/usr/sbin PWD=/var/spool/postfix queue_directory=/var/spool/postfix LANG=C mail_owner=postfix daemon_directory=/usr/libexec/postfix SHLVL=1 config_directory=/etc/postfix MAIL_LOGTAG=postfix html_directory=no command_directory=/usr/sbin OLDPWD=/etc/postfix _=/usr/libexec/postfix/master
PROC-cb8b4d5668c8e0e354c0c99d7160acd1-9673|OS-cb8b4d5668c8e0e354c0c99d7160acd1|USER-cb8b4d5668c8e0e354c0c99d7160acd1-postfix|9673|qmgr|postfix|sleeping|qmgr -l -t unix -u|MAIL_CONFIG=/etc/postfix MAIL_LOGTAG=postfix LANG=C GENERATION=2
PROC-cb8b4d5668c8e0e354c0c99d7160acd1-11350|OS-cb8b4d5668c8e0e354c0c99d7160acd1|USER-cb8b4d5668c8e0e354c0c99d7160acd1-nobody|11350|dnsmasq|nobody|sleeping|/usr/sbin/dnsmasq --conf-file=/var/lib/libvirt/dnsmasq/default.conf --leasefile-ro --dhcp-script=/usr/libexec/libvirt_leaseshelper|VIR_BRIDGE_NAME=virbr0
PROC-cb8b4d5668c8e0e354c0c99d7160acd1-11351|OS-cb8b4d5668c8e0e354c0c99d7160acd1|USER-cb8b4d5668c8e0e354c0c99d7160acd1-root|11351|dnsmasq|root|sleeping|/usr/sbin/dnsmasq --conf-file=/var/lib/libvirt/dnsmasq/default.conf --leasefile-ro --dhcp-script=/usr/libexec/libvirt_leaseshelper|VIR_BRIDGE_NAME=virbr0
PROC-cb8b4d5668c8e0e354c0c99d7160acd1-13058|OS-cb8b4d5668c8e0e354c0c99d7160acd1|USER-cb8b4d5668c8e0e354c0c99d7160acd1-root|13058|upowerd|root|sleeping|/usr/libexec/upowerd|LANG=en_US.UTF-8 PATH=/usr/local/sbin:/usr/local/bin:/usr/sbin:/usr/bin
PROC-cb8b4d5668c8e0e354c0c99d7160acd1-16428|OS-cb8b4d5668c8e0e354c0c99d7160acd1|USER-cb8b4d5668c8e0e354c0c99d7160acd1-root|16428|packagekitd|root|sleeping|/usr/libexec/packagekitd|LANG=en_US.UTF-8 PATH=/usr/local/sbin:/usr/local/bin:/usr/sbin:/usr/bin HOME=/root LOGNAME=root USER=root SHELL=/bin/sh
PROC-cb8b4d5668c8e0e354c0c99d7160acd1-16429|OS-cb8b4d5668c8e0e354c0c99d7160acd1|USER-cb8b4d5668c8e0e354c0c99d7160acd1-root|16429|boltd|root|sleeping|/usr/libexec/boltd|LANG=en_US.UTF-8 PATH=/usr/local/sbin:/usr/local/bin:/usr/sbin:/usr/bin
PROC-cb8b4d5668c8e0e354c0c99d7160acd1-16601|OS-cb8b4d5668c8e0e354c0c99d7160acd1|USER-cb8b4d5668c8e0e354c0c99d7160acd1-root|16601|wpa_supplicant|root|sleeping|/usr/sbin/wpa_supplicant -u -f /var/log/wpa_supplicant.log -c /etc/wpa_supplicant/wpa_supplicant.conf -P /var/run/wpa_supplicant.pid|LANG=en_US.UTF-8 PATH=/usr/local/sbin:/usr/local/bin:/usr/sbin:/usr/bin INTERFACES= DRIVERS= OTHER_ARGS=-P /var/run/wpa_supplicant.pid
PROC-cb8b4d5668c8e0e354c0c99d7160acd1-16825|OS-cb8b4d5668c8e0e354c0c99d7160acd1|USER-cb8b4d5668c8e0e354c0c99d7160acd1-colord|16825|colord|colord|sleeping|/usr/libexec/colord|LANG=en_US.UTF-8 PATH=/usr/local/sbin:/usr/local/bin:/usr/sbin:/usr/bin HOME=/var/lib/colord LOGNAME=colord USER=colord SHELL=/sbin/nologin
PROC-cb8b4d5668c8e0e354c0c99d7160acd1-28927|OS-cb8b4d5668c8e0e354c0c99d7160acd1|USER-cb8b4d5668c8e0e354c0c99d7160acd1-root|28927|kworker/u256:1|root|sleeping||
PROC-cb8b4d5668c8e0e354c0c99d7160acd1-41105|OS-cb8b4d5668c8e0e354c0c99d7160acd1|USER-cb8b4d5668c8e0e354c0c99d7160acd1-root|41105|dio/sda2|root|sleeping||
PROC-cb8b4d5668c8e0e354c0c99d7160acd1-69680|OS-cb8b4d5668c8e0e354c0c99d7160acd1|USER-cb8b4d5668c8e0e354c0c99d7160acd1-root|69680|sshd|root|sleeping|sshd: root@pts/0    |
PROC-cb8b4d5668c8e0e354c0c99d7160acd1-69682|OS-cb8b4d5668c8e0e354c0c99d7160acd1|USER-cb8b4d5668c8e0e354c0c99d7160acd1-root|69682|bash|root|sleeping|-bash|LANG=en_US.UTF-8 USER=root LOGNAME=root HOME=/root PATH=/usr/local/sbin:/usr/local/bin:/usr/sbin:/usr/bin MAIL=/var/mail/root SHELL=/bin/bash SSH_CLIENT=192.168.1.254 54650 22 SSH_CONNECTION=192.168.1.254 54650 192.168.1.251 22 SSH_TTY=/dev/pts/0 TERM=xterm-256color XDG_SESSION_ID=280 XDG_RUNTIME_DIR=/run/user/0
PROC-cb8b4d5668c8e0e354c0c99d7160acd1-69726|OS-cb8b4d5668c8e0e354c0c99d7160acd1|USER-cb8b4d5668c8e0e354c0c99d7160acd1-root|69726|sshd|root|sleeping|sshd: root@pts/1    |
PROC-cb8b4d5668c8e0e354c0c99d7160acd1-69728|OS-cb8b4d5668c8e0e354c0c99d7160acd1|USER-cb8b4d5668c8e0e354c0c99d7160acd1-root|69728|bash|root|sleeping|-bash|LANG=en_US.UTF-8 USER=root LOGNAME=root HOME=/root PATH=/usr/local/sbin:/usr/local/bin:/usr/sbin:/usr/bin MAIL=/var/mail/root SHELL=/bin/bash SSH_CLIENT=192.168.1.254 54652 22 SSH_CONNECTION=192.168.1.254 54652 192.168.1.251 22 SSH_TTY=/dev/pts/1 TERM=xterm-256color XDG_SESSION_ID=281 XDG_RUNTIME_DIR=/run/user/0
PROC-cb8b4d5668c8e0e354c0c99d7160acd1-69764|OS-cb8b4d5668c8e0e354c0c99d7160acd1|USER-cb8b4d5668c8e0e354c0c99d7160acd1-root|69764|sshd|root|sleeping|sshd: root@pts/2    |
PROC-cb8b4d5668c8e0e354c0c99d7160acd1-69766|OS-cb8b4d5668c8e0e354c0c99d7160acd1|USER-cb8b4d5668c8e0e354c0c99d7160acd1-root|69766|bash|root|sleeping|-bash|LANG=en_US.UTF-8 USER=root LOGNAME=root HOME=/root PATH=/usr/local/sbin:/usr/local/bin:/usr/sbin:/usr/bin MAIL=/var/mail/root SHELL=/bin/bash SSH_CLIENT=192.168.1.254 54654 22 SSH_CONNECTION=192.168.1.254 54654 192.168.1.251 22 SSH_TTY=/dev/pts/2 TERM=xterm-256color XDG_SESSION_ID=282 XDG_RUNTIME_DIR=/run/user/0
PROC-cb8b4d5668c8e0e354c0c99d7160acd1-69800|OS-cb8b4d5668c8e0e354c0c99d7160acd1|USER-cb8b4d5668c8e0e354c0c99d7160acd1-root|69800|sshd|root|sleeping|sshd: root@pts/3    |
PROC-cb8b4d5668c8e0e354c0c99d7160acd1-69802|OS-cb8b4d5668c8e0e354c0c99d7160acd1|USER-cb8b4d5668c8e0e354c0c99d7160acd1-root|69802|bash|root|sleeping|-bash|LANG=en_US.UTF-8 USER=root LOGNAME=root HOME=/root PATH=/usr/local/sbin:/usr/local/bin:/usr/sbin:/usr/bin MAIL=/var/mail/root SHELL=/bin/bash SSH_CLIENT=192.168.1.254 54656 22 SSH_CONNECTION=192.168.1.254 54656 192.168.1.251 22 SSH_TTY=/dev/pts/3 TERM=xterm-256color XDG_SESSION_ID=283 XDG_RUNTIME_DIR=/run/user/0
PROC-cb8b4d5668c8e0e354c0c99d7160acd1-73264|OS-cb8b4d5668c8e0e354c0c99d7160acd1|USER-cb8b4d5668c8e0e354c0c99d7160acd1-root|73264|kworker/1:1|root|sleeping||
PROC-cb8b4d5668c8e0e354c0c99d7160acd1-73767|OS-cb8b4d5668c8e0e354c0c99d7160acd1|USER-cb8b4d5668c8e0e354c0c99d7160acd1-root|73767|kworker/0:4|root|sleeping||
PROC-cb8b4d5668c8e0e354c0c99d7160acd1-73814|OS-cb8b4d5668c8e0e354c0c99d7160acd1|USER-cb8b4d5668c8e0e354c0c99d7160acd1-root|73814|kworker/u256:2|root|sleeping||
PROC-cb8b4d5668c8e0e354c0c99d7160acd1-85663|OS-cb8b4d5668c8e0e354c0c99d7160acd1|USER-cb8b4d5668c8e0e354c0c99d7160acd1-root|85663|kworker/1:2|root|sleeping||
PROC-cb8b4d5668c8e0e354c0c99d7160acd1-85908|OS-cb8b4d5668c8e0e354c0c99d7160acd1|USER-cb8b4d5668c8e0e354c0c99d7160acd1-root|85908|kworker/0:0|root|sleeping||
PROC-cb8b4d5668c8e0e354c0c99d7160acd1-87353|OS-cb8b4d5668c8e0e354c0c99d7160acd1|USER-cb8b4d5668c8e0e354c0c99d7160acd1-root|87353|kworker/0:1|root|sleeping||
PROC-cb8b4d5668c8e0e354c0c99d7160acd1-87362|OS-cb8b4d5668c8e0e354c0c99d7160acd1|USER-cb8b4d5668c8e0e354c0c99d7160acd1-postfix|87362|pickup|postfix|sleeping|pickup -l -t unix -u|MAIL_CONFIG=/etc/postfix MAIL_LOGTAG=postfix LANG=C GENERATION=20
PROC-cb8b4d5668c8e0e354c0c99d7160acd1-89177|OS-cb8b4d5668c8e0e354c0c99d7160acd1|USER-cb8b4d5668c8e0e354c0c99d7160acd1-root|89177|sleep|root|sleeping|sleep 60|PATH=/usr/local/sbin:/usr/local/bin:/usr/sbin:/usr/bin PWD=/ LANG=en_US.UTF-8 SHLVL=1 _=/usr/bin/sleep
PROC-cb8b4d5668c8e0e354c0c99d7160acd1-89226|OS-cb8b4d5668c8e0e354c0c99d7160acd1|USER-cb8b4d5668c8e0e354c0c99d7160acd1-root|89226|tail|root|sleeping|tail -f log/scheduler.log|XDG_SESSION_ID=280 HOSTNAME=srv1 TERM=xterm-256color SHELL=/bin/bash HISTSIZE=1000 SSH_CLIENT=192.168.1.254 54650 22 SSH_TTY=/dev/pts/0 USER=root LS_COLORS=rs=0:di=38;5;27:ln=38;5;51:mh=44;38;5;15:pi=40;38;5;11:so=38;5;13:do=38;5;5:bd=48;5;232;38;5;11:cd=48;5;232;38;5;3:or=48;5;232;38;5;9:mi=05;48;5;232;38;5;15:su=48;5;196;38;5;15:sg=48;5;11;38;5;16:ca=48;5;196;38;5;226:tw=48;5;10;38;5;16:ow=48;5;10;38;5;21:st=48;5;21;38;5;15:ex=38;5;34:*.tar=38;5;9:*.tgz=38;5;9:*.arc=38;5;9:*.arj=38;5;9:*.taz=38;5;9:*.lha=38;5;9:*.lz4=38;5;9:*.lzh=38;5;9:*.lzma=38;5;9:*.tlz=38;5;9:*.txz=38;5;9:*.tzo=38;5;9:*.t7z=38;5;9:*.zip=38;5;9:*.z=38;5;9:*.Z=38;5;9:*.dz=38;5;9:*.gz=38;5;9:*.lrz=38;5;9:*.lz=38;5;9:*.lzo=38;5;9:*.xz=38;5;9:*.bz2=38;5;9:*.bz=38;5;9:*.tbz=38;5;9:*.tbz2=38;5;9:*.tz=38;5;9:*.deb=38;5;9:*.rpm=38;5;9:*.jar=38;5;9:*.war=38;5;9:*.ear=38;5;9:*.sar=38;5;9:*.rar=38;5;9:*.alz=38;5;9:*.ace=38;5;9:*.zoo=38;5;9:*.cpio=38;5;9:*.7z=38;5;9:*.rz=38;5;9:*.cab=38;5;9:*.jpg=38;5;13:*.jpeg=38;5;13:*.gif=38;5;13:*.bmp=38;5;13:*.pbm=38;5;13:*.pgm=38;5;13:*.ppm=38;5;13:*.tga=38;5;13:*.xbm=38;5;13:*.xpm=38;5;13:*.tif=38;5;13:*.tiff=38;5;13:*.png=38;5;13:*.svg=38;5;13:*.svgz=38;5;13:*.mng=38;5;13:*.pcx=38;5;13:*.mov=38;5;13:*.mpg=38;5;13:*.mpeg=38;5;13:*.m2v=38;5;13:*.mkv=38;5;13:*.webm=38;5;13:*.ogm=38;5;13:*.mp4=38;5;13:*.m4v=38;5;13:*.mp4v=38;5;13:*.vob=38;5;13:*.qt=38;5;13:*.nuv=38;5;13:*.wmv=38;5;13:*.asf=38;5;13:*.rm=38;5;13:*.rmvb=38;5;13:*.flc=38;5;13:*.avi=38;5;13:*.fli=38;5;13:*.flv=38;5;13:*.gl=38;5;13:*.dl=38;5;13:*.xcf=38;5;13:*.xwd=38;5;13:*.yuv=38;5;13:*.cgm=38;5;13:*.emf=38;5;13:*.axv=38;5;13:*.anx=38;5;13:*.ogv=38;5;13:*.ogx=38;5;13:*.aac=38;5;45:*.au=38;5;45:*.flac=38;5;45:*.mid=38;5;45:*.midi=38;5;45:*.mka=38;5;45:*.mp3=38;5;45:*.mpc=38;5;45:*.ogg=38;5;45:*.ra=38;5;45:*.wav=38;5;45:*.axa=38;5;45:*.oga=38;5;45:*.spx=38;5;45:*.xspf=38;5;45: MAIL=/var/spool/mail/root PATH=/usr/local/lib/nodejs/node-v10.15.3-linux-x64/bin:/usr/local/sbin:/usr/local/bin:/usr/sbin:/usr/bin:/root/bin PWD=/AIOPS/CMDB/Scheduler LANG=en_US.UTF-8 HISTCONTROL=ignoredups SHLVL=1 HOME=/root LOGNAME=root XDG_DATA_DIRS=/root/.local/share/flatpak/exports/share:/var/lib/flatpak/exports/share:/usr/local/share:/usr/share SSH_CONNECTION=192.168.1.254 54650 192.168.1.251 22 LESSOPEN=/usr/bin/lesspipe.sh %s XDG_RUNTIME_DIR=/run/user/0 _=/usr/bin/tail OLDPWD=/AIOPS/CMDB/Scheduler/scheduls
PROC-cb8b4d5668c8e0e354c0c99d7160acd1-89732|OS-cb8b4d5668c8e0e354c0c99d7160acd1|USER-cb8b4d5668c8e0e354c0c99d7160acd1-root|89732|kworker/1:0|root|sleeping||
PROC-cb8b4d5668c8e0e354c0c99d7160acd1-89746|OS-cb8b4d5668c8e0e354c0c99d7160acd1|USER-cb8b4d5668c8e0e354c0c99d7160acd1-root|89746|kworker/u256:0|root|sleeping||
PROC-cb8b4d5668c8e0e354c0c99d7160acd1-89751|OS-cb8b4d5668c8e0e354c0c99d7160acd1|USER-cb8b4d5668c8e0e354c0c99d7160acd1-root|89751|kworker/1:3|root|sleeping||
PROC-cb8b4d5668c8e0e354c0c99d7160acd1-89864|OS-cb8b4d5668c8e0e354c0c99d7160acd1|USER-cb8b4d5668c8e0e354c0c99d7160acd1-root|89864|sh|root|sleeping|/bin/sh -c export PATH=/usr/local/sbin:/usr/local/bin:/usr/sbin:/usr/bin:/root/bin ; /opt/Anaconda3/bin/python /AIOPS_PLATFORM/CMDB/Asset/bin/Asset.py|XDG_SESSION_ID=333 SHELL=/bin/sh USER=root PATH=/usr/bin:/bin PWD=/root LANG=en_US.UTF-8 SHLVL=1 HOME=/root LOGNAME=root XDG_RUNTIME_DIR=/run/user/0 _=/opt/Anaconda3/bin/python
PROC-cb8b4d5668c8e0e354c0c99d7160acd1-89865|OS-cb8b4d5668c8e0e354c0c99d7160acd1|USER-cb8b4d5668c8e0e354c0c99d7160acd1-root|89865|python|root|running|/opt/Anaconda3/bin/python /AIOPS_PLATFORM/CMDB/Asset/bin/Asset.py|XDG_SESSION_ID=333 SHELL=/bin/sh USER=root PATH=/usr/local/sbin:/usr/local/bin:/usr/sbin:/usr/bin:/root/bin PWD=/root LANG=en_US.UTF-8 HOME=/root SHLVL=2 LOGNAME=root XDG_RUNTIME_DIR=/run/user/0 _=/opt/Anaconda3/bin/python
